id,read,length
>2S43D:07877:07497,GGCTCCTCCACCTGGGAAGCCACCAGGCATTCCCCCAGGCATGCCACCTGCACTCTGGTACAGCTTGGTAATGATAGGGTTGCAGACTTTCTCCAGTTCTTTCTGCTGATGCTCAAATTCCTTTCCTTCTCTGCAGTCTGGTTCTTATCCAGCCATGCTGATGATTCATTGCACTTGTCAAGATCTTCTGTTGTCCTCTATCATTGATCTTGCCTTAAGTTTCTCATCTTCACAAGTTGCATT,243
>2S43D:08938:01257,GGGTGGTCCCCCTCCTTTACTTGTAACGTTGTCCTAAGTCGTTTTCTTTAGCCCATGGTGTTGGTGGGGTTCACAGAAACACCCAGAGTTCACCTGAGCCTTTAACCAATCCCAGCCCAGGGAGCCAGAGCCCAGGCACAGGTGCAGGACCACGGCAGGCCCAGTATTGGCTCCGACAGAAGCTACGGCATCCTATCGAGTGCACTGGGCTCGTGGTGGGAAGCAGGACA,230
>2S43D:10564:06878,TTAGGGAGCGTAGCTGATGGTATTTTAGCTATAGGAAAATTGACCAATTTTTGTGTTTGGAAGGATCTCTGGAAACAGTAAGAGCCAAAAGGTGAGGGAACAGGCTTTATAGAAAGAGAATCCAAACTTTGAGAATGGCCTGATGCCTGGCCCAGAGGCATCTCATATCCCATCCCCTGGCAAAAAACCAAGGCATGGCCTGGTGTAGGCATTATGAGCCA,221
>2S43D:04069:10923,TGGAGATATGCGAAGAACTAGGGTGAGATGTGGTCTGAGCAATCTGCCAAAGATAAAACAACCCGTATGAGCAGAAAAGAGCATAAAACTTAAAAGGAGAAAGTATGAAAAGGATATTGCTGACATACCGTCCAAGGGCAAAAAGTGAAGCAAGGAAAGAAGGGCCTGGTAGGCCAACAGGCTCAAAGAAGAAGAAGCGAAC,202
>2S43D:08391:04979,CCGACTCGTCGGTGAACTTCGCCGAGTTCTCCAAGAAATGCTCCGAGAGATGGAAGACCATGTCTGCAAAAGGAAAAGTCCAAGTTTGAAGATTTGGCCAAGAGCGACAAAGCTCGTTATGACAGGGAGATGAAGAACTATGTTCCTCCCAAAGGGGATAAGAAAGGAAAGAAAAAAGACCCCAATGCTCCGAAGAGACA,200
>2S43D:05292:10188,GGGTGGTCTCCTTTACTTGTAACTTGTCCTAAGTCGTTTCTTTAGCCCATGGTGTTGGTGGGGTTCACAGAAACACCCAGAGTTCACCTGAGCCTTTAACCAATCCCAGCCAGGAGCCAGAGCCCAGGCACAGGTGCAGGACCACGGCAGGCCCAGTATTTGGCTTCCACAGAAGCTACGGCATCCTGATG,191
>2S43D:00489:12208,GTTCTCTCTCGTATCTTCACAGCTTCCGCATATTGCTCAAATACAAAGCCTGAGGAAGAAGTTGTTCAGCCATGGTCCTCCGACAAGGCCTCTTGGGGCCGGCCGCGGAGCCCTCCGGCAGCAGCCCAAGAATCACCGACTGCCCATAGAGAGGCTGAAAAAGGACTGCCCAAGGCACACGAGGGGATAGG,191
>2S43D:06818:00602,GTTTCTAGATGTCAATTGTACTACCGTTCTGTCTTTGCGTCATAACTTGCCACACAGGCAGAATGTGAAATGGGACGCCAATCGGGGTAGGACAGCCCTAAGGTGGGGAGGTACTTGTCTGCAGTAGCTGGTCTCAGTTTCTACCTGGTGCAGGGAGGTCACAGGAAAGCCAAGCCCAGGGCAAACCAGCA,191
>2S43D:04693:14259,CCTGTATAAGCTCTCTTAAAAACCCATCTGTCTCTTGCATGTTGTGAGCGCCAACACGGGTGCTGAGAGAGAGGCAGTGGAGTTAATGGTGCTTGCTCAGGCGGAGAGCTGCAGTGCACCGTTGCATTGGATGTTTACAGTCTATAAGTTTCGACCCCAGTACGTTTTCCCTTAGTCTTAACAGGAACA,189
>2S43D:08631:04857,GGTGTGTGGGTGGGGCTGAATGAGGTCCTCCAGCGGTTTCCTCGGGCTCCAGTTGAGGAGCCAAGTCCCACGCCCTGGGAGTCCTCAGGGCCTAGCTTCGAGTTCAGCTTTGGGAGTCTTGCTCTGATTCTTTTGGCGCCTCTTCTTGGAGCTTGTGGCATAAGGCTGAGTGTTCACGACAT,182
>2S43D:07644:07342,GTGGTTGTATGGGAACACTGACGTAGTGGCCCAATTTCTGCACCATGTGCAGATAGTTGCCATGCCAGTGCAGGAGATGGAATCGACACGGGTCCGGTGGTATTCCACAATAGCACCTGTGCCACCTTTCACCTTGAGGATACCTGCCACTTTCAGGATCACATCTTTGGGTGAGTCC,178
>2S43D:09644:04759,TAGGGCTGGAGGCTGGGGTAGTGTAACACATCCTACACGTGGCAGGCAGAGACAGGATGAACCTGATGACTTGGAGGCCAGCTTGATTTATGTAGCGAGTTTAGGTCATCCAAAGCTATACAGTGAGAACCTGTCTGAAAAAAACCAACAACCGAAATGAAAGAAAGAAAGAAAAGAA,178
>2S43D:09942:12411,CCGAGAGACAGGAAGAAGCAGAAGAACATTAAACACAGTGGGAACATTACTTTTGATGAGATTGTCAACATTGCCCGGCAGATGAGACACCGGTCTTTGGCTAGAGAACTTTCTGGAACTATCAAGGAGATCCTGGGTACTGCACAGTCTGTGGGCTGCAATGTGGATGGCCGCA,175
>2S43D:04983:12066,CGGCCCTGGTATGCATGCCACCATACAGCCTTTATTACTGTTTATAAGCATCCTTATGCTGAAATCAGTGTGGTCCTGGCTGGCTACAGTATCACATCAATAGTGCAAAATGTATACATGGCTTCTAAAATCTTATTTTACTTGTATATGGACCCCAGAGTATCATAACCAGG,173
>2S43D:05284:07493,CTGTCACGTGAGCGACGTGGAAGGTGCAAGAACACTATGATAACTTCTTTGAGGAGGTATTCACAGAACTGCAGGAGAAGTATGGAGAGATTGAAGAGATGAATGTGTCGTGACAACCTCGGGGGACCGACCTCGTGGGCAATAGTCTACGTTTAAGTTCCGGCGGGA,168
>2S43D:07100:05443,CGGAGCATTTCTTGGAGAACTCGGCGAAGTTCACCGACGAGTCGGGATGCTTCTTCTTGTGCTCCTCGCGGCAGGTCTGCACGAAGAAGGCGTACGAGGACATTTTTGCCCCGCGGCTTGTTGGGGTCACCCTTGCCCATGACGACGGCGCGGCGTCTGTCCTACCA,167
>2S43D:07639:10954,GCTGAACAAGAGCATTAACCCCGATGAAGCTGTTGCCTATGGTGCAGCTGTCCAGGCAGCCATTCTATCTGGAGACAAGTCTGAGAACGTTCAGGATTTTGCTGCTCTTGGATGTCACTCCTCTTTCCCTTGGTATTGAAACTGCTGGCGGATGTCATGACTGTCCA,167
>2S43D:09382:02988,GGCGGGGTTCTCCACCCACCCACACCAACTGAATGACCAGCTCTGTCTGATAGCCTGGAGACTGCTTAAGTGGGGAGTTTTTAACTTTTAAGCAAGGAACGTTATCACGAAGCCCGTCAGATGAGCTGCTGCTGGTAGACGGATGAGACTGAGGAGGAAGTGGGGCT,167
>2S43D:00672:01687,CCAGGCCTGTCTATTGGAGATACTGCGAAGAAACTGGGTGAGATGTGGTCTGAGCAATCTGCCAAAGATAAACAACCGTATGAGCAGAAAAGCAGCTAAAACTAAAAGGGAGAAGTATGAAAAAGGGATATTGCTGCATACCGTGCCAAGGGCAAAAGTGAAGCA,165
>2S43D:10076:11688,CTGGGGTAGCTGCCAAAAATGTCATCTTTAATGGAGAGATCTCTCACAGCCACCTTCACATTGAAGGGCCAGCAAAAACTGGGGTACAGAAGCTCGGAAAATCTGAATACTGTTTCTTATCATGAATCACCCTCTACAAAACCTCCTTCCATGTATAGAG,160
>2S43D:08853:02950,GGCAGATTTATTGTTCTCTCTTCTGCTAAGCTGAGCAAGGTGAGCTTCATTTCCTCAGCTGAGGGATGTTTGGGAGGGCGAGGTGGGGGATGTGATAGAGAACTTTCGTACCTCCTCATCATGTAATACTGTTCTTCTGTAATCTCTTCTACAAACATCC,160
>2S43D:05909:11793,TCACCACCATGGAGAAGGCCGGGGCCCACTTGAAGGGTGGAGCCAAAAGGGTCATCATCTCCGCCCCTTCTGCCGATGCCCCCATGTTTGTCGATGGGTGTGAACCACGAGAAATATGACAACTCACTCAAGATTGTCACAAATGCATCCTGCACCACA,159
>2S43D:07097:05817,CCTGTGTGTCTTGTATCGTTTCCTCCTTGTCCTCCTCACTTCTTCAGCAGGCTGGGTCTCCACGCTGCTTTTCAAGGCTGGTTTTGCTTCCCTGACCTCCACCTGAACCTCCAGGTGCTTCCTCTGAGCCATTTCTTCTGCGTCACCTTGGCCCGA,156
>2S43D:09042:14087,GTGGGGTGGAGTCTCAGGCAGAAAAAAGGCATCCTTTAAGTCAAGCACAGTGTACCACTGGTGGGACGGTGGGAGCCCGCTCAAGAGGTTGTAAGGGTTGGGCACGGTGGGGTGGAGTGTCTTCCACCCGCTTGTTGACTTCTCTCAGATCTTGGA,156
>2S43D:00261:11392,AAAAAAGCCAATTGGCCTTGTACTACAAGAGCCGGTCGAACTCCTTCTCCCTGTTTCCCACCTATCATCCAAAAAGCGGAGAAATATCAACTTAGTGTTATTATAGTGTATTTCACATTTTGTTCAGTCAAACTTAGCCAAAGTTCCACGCCCA,154
>2S43D:02575:12475,CTTCGCTGCGTAGCCTGGCGTTGGGATTGGTGACTCTGATGGCCAGCTGTGCTGCTCTTTTCTACAATGGCTTTTTCGGTTCTTTAGAGGACACATTGTGAGCAATCTCAGCACAGTAAGATTTGTTGCACATCAGCAGCACCTCCAGCTCCTA,154
>2S43D:09189:09344,GTGGAGATGGGTCCTGGGGTACAGCTTGATCACCCTAACAGAGGAGGTGATTCTCTGACAGGCAGTGAAGGATGCCACGTGGCACATCTGGGTCTGTCTGTCCAAGTGTGAGCACAGCTTTTGCTTCTGATAGCCTGGATAACTGCTTTTATA,153
>2S43D:02544:03934,CGGTGATCTTGTGTGTTCGAGGCCACCCTGGTCTACAGAGTGAGTTCCAGGACAGCCAGGGCTATATAGACGAGACCCTGTCTCAAAACAAACAAACAAACAAAACAAAACAAAACAAAACAAAAACAAAAAAACACAAAAAAACCCATCC,151
>2S43D:03243:12821,TTAATATCCTGAGTGCTAAGACAGATGTGGCCACTAAGCCCAATTTGAGATTCTTAAAAAAAAAAAAAAAGAAAAGGTCATTTTATTTATTTTTCGTTTCATATGTTATCCACCTTCCTGGTTTTCCTTCCACAGCTCCCCTATTCCATA,150
>2S43D:01893:02902,GTCCCGATGAAGATGCGGCCGTCCTGCAGGATGCACCTCATCCTGTAGTCAATGTGCTGCAGCATCTTGCTGCTCTTGCCCACCGTCATGGTGGCGGCTCGGATGGCTCAGATTCCCGCCGGATTCTCTGCACAGAGCGCAGTCGCCAG,149
>2S43D:03764:13575,GGTGCATAGACAGAAATAAATTCCCAGTCCCCAACTAGTGGTCCAAATCACAAAACACCCTTGTCATACCTCTGGTTACTGTTACTGTAGCCTGGATACAATACATGAATATTTTTTGTCAAAATGTATGTATTCTTCAAAAGGAAAAA,149
>2S43D:04989:02863,GGGGGGGCAGCTAAAGAGATGGCTCAGCAGTTAAGACCACTCTGGCTGTTCCTCTGTTCTTCCAGATGTGATGAGTTCAACCACATGGTGGCTCACAACCATCTGTAATAAAATTTGAGTCCTTCCTCCAGTGTGCATGAACACAGA,147
>2S43D:06931:12271,GGCAAGCCGAGTGCTGGTTGCTTCCCGTAATTTTGCAAATGATGCTACATTTGAGATTAAGAAATGTGACCTTCATCGGCTAGCAAGAGGGCCCCCCAGCTCACCACAGTGCTCACCAGAGAGGGATGGGCTCAGTACTACA,142
>2S43D:02419:13607,GCTCCCTGTTGCAATCTTGAGACTATTCCTTTTCTTCTTTGCGTCTGTCCTTCTTCTCTTCATTATTTTCCATGGTCTCTTCGTCATCTTCAACAATCCCATCTCCTTGTATTTGTCATGAGTTCCATTTGATTGCCTA,139
>2S43D:05825:09821,ACGGCATCATGGCTGCCCTCCGGCCTCTGGTGAAGCCCAAGATCGTCAAAAGAGGACCAAGAAGTTCATCAGGCACCAGTCAGACCGATATGTGAAAATTAAGCGAAACTGGCGGAAACCCAGAGGCATTGACAACA,137
>2S43D:10294:08041,AAGTAGGATGGAGACTGGAACCATCCTACTGCTGCCAGCTGGAAGCTTTTCTCAGAGAGCCAAAGCTGAATTCTCAGAGCTCCAAGGCCCTCCACAAGATGCTAGAGGAAGCTCAGGGAAAACAGGACGTAGGA,134
>2S43D:08782:12110,CCCCCCTCCTTTATTTTGTTGATTATTGAGTTTGGCATTCTGTTCTTGTGGCTCTCTTCTTTTGTTTCGTTTGAGGAATACTTCTTGGCTTTTTCTACTGGGCGTGAGTTTTCTTGGTCCTTGATTATTGGGTT,134
>2S43D:08433:11919,TGGGAACTGAACCTAGGCTGTCTGAAAGAGCAGTCAGTGGACTTCACTGCTGAGCATCTCCATAGCCACCGGTGGGCTCTTTCTTTTTATATGTACTAAAAATAAATAAAATAAAATAAATAAAGTAAAATAA,133
>2S43D:02803:05401,GAGCGCCAAGCCAAGCAGTGTTTGAAAGGAACAGGATGCTGATCTAATCGTGGCAAAAAGTCAGTCCGACCGCTGGTTTCGAAGACATGTGGTGTATATAAAGTTTGTGATAGTTGGTGGAAATTTGGGA,130
>2S43D:05826:04128,GTGGTGTACAACAGAGTTGGCAAGTGTGGCAGTCGTACCGTGGTCTTGCTTCTGAGAATCTTGTCAGAGAAGCACGGCTTCAATTTGGTCACATCAGACATTCACAACAAGACCCGGCTTACTAAAAATA,130
>2S43D:09026:10885,GCCTTGTCGAGGACCATGGCTGAACAACTTCTTCCTCAGGCTTTGTATTTGAGCAATTATGCGGAAAGCTGTGAAGATACGAGAGAGAACCCCACGAAGAACATTTTCAAACCTTCAACCCAAGGGATC,129
>2S43D:00834:13913,GTAGTTGTGTCCCTTCCCACTGTCACCTCACTCCATCCCTATCTTTCTTCAAAGAGGTAGGATACTTAGAAGCATATATGGAAGAACAGACAATTCATTCTTGTGTATCCAGGGCAGGCATGAGGGAA,128
>2S43D:04504:02325,CTTTTCTTCCTTCTCCTTTCTTCTCCTCATCTTCCTTCTTCTCCTCATTTTCCTCCTTCTCCTCCTCCTTCTTCTCTTACCTCTCCTTCTTTTATAAGATGTTTATTTGTATTTTTATTTGTTCAGG,127
>2S43D:10498:12190,AATATTGTAAAAAGCTAACAGTTTACCATTTTCCCAGCGTGAAAGTCCATCCCTAGCTGAGCTGTTTGAGGAACACAGAGGAAGCAGCGACTGGACCGAAGGTTGCTTTACTTTGGTCCTGAGCCT,126
>2S43D:01593:07646,GTGAGAGCCTGCGCTTCAGACGCCTCTTCCCGAGCCTCCCACCCTCCCATAGCTTCCAATTCTGTAGCCAGCTGCCCCACAGGCAGCGTGAACCGTCCAAGGCATCAGATTGCACTGTGCACTCAG,126
>2S43D:02596:01817,CCACCTCCAGGAGCAGATCGCTTTCCAGACATGCCTAACGAGTTTTACGTCCTCCTCATCTTCATCTTCAGACTCTGCATCTTCCTCTACAGCTATAGATGCTCGTCCACTAATGTGCACAGCCC,125
>2S43D:05206:07643,GTCTTAACAAGGATAGATGTATACGCCTAGCCCTGGTTCACGATATGGCAGAATGCATCGTTGGGGACATAGCACCCGCAGATAACATCCCTAAAGAAGAGAAACACAGGAGAGAAGAGGAGGA,124
>2S43D:01349:03389,GGAGGATGTAAACCGGAAAGGGCAGGCGGCAAGGAGTGAACCATTTGGATCCCACCAACTGGCACCATGGGTATAGGAGCTCGTACTTGCTGCTGAGAGTGTAGTGGAAGATGACTGAAGAACA,124
>2S43D:01813:11919,AGCCGTTCCATCCATTCATACATTCACTATCTGGCTGAGTAACCTGGAGAGGCCTCCTCCCTCTGGTCAGTCATTCATCTGATCATCTGAAGGCCACGGTGAAAGGAAGACCAGAGACCAGCA,123
>2S43D:07850:07523,GAACGTCTGGTGGGAAGACATGCCAGTGTTGGCCATTGTCTCCCCATTCCAAAGAGAATAACTTTGAACTGAGGGTGTGTATCAGAGTATGTACATATGTAATATACCTTATATTATGTA,120
>2S43D:00670:04858,GTGCTGCTTGAAAACTTCATTCGTCGTATTCAGCTCTAAGAGATCCAGACATAAATGCTTTTTTGCAGCCCTTCGAATTTTTGATTGCTGTGCGGTAGGCAGAGAAACGTACATTATTCA,120
>2S43D:02491:12205,CCCTTTTGTTTTTTTTTTAATTATCTATGTATACAAGTACATTGTGGCTATCGTTTCAGACATACCAGAAAAGGGCAATCAGATCCCATTACAGATGATTGATGAGCCAACCATGCGAA,119
>2S43D:08179:08282,GCACCGTGAGTAGCCCTGCCACCGCTACTTGACTCATGAGCTGCCGATCACTGTGATAGGGGCAGAGGGTAAGTGTGCCCTCCTAAATGTGTCAAGCCCTGTGCCAAGCGCACCATG,117
>2S43D:10074:03716,TGATTTTTCTCCTTTCTTCAGTGTGACCAGCCATTCTAACTCAATCTCAGACTGGTCTAATATTCAGTCCAATGTTAGAGATTCCTATATTCTAAATTACCTAGCAAAGTTAATTCA,117
>2S43D:08050:14639,CAAAACTTAAAGCCTTTCATTGTTTTGCCATAGTAAGCACATTTTTGTTGCTGAGTCATCTCTCTAGCTCTGACTCTCTCTCTTCCTTCCTTCCTCTCTCTTCTTCTTTCTTTT,114
>2S43D:08033:04714,GTTTGTTTGTTTGTTAGTTTTTTCCAGACAAGGTTTCTCTGTATACCCCTGGCTGTCCTCGAACTCAGAATCCGCCTGCCTCTGCCTCCAGAGTGCTGGGATTAAAGGCATGA,113
>2S43D:10267:06034,GCAGGTGTTACTCTCAGCACTGAGCCACAACTTCCCAATTTATCGGGGAAAGATAAATTCTAGGACATTCTTCTTCATGACCTAGGTTTTACTTCTCACATAAGAAACGGCA,112
>2S43D:07617:12833,CGCTATTCTTTGACTTTTATGAAGTCTTCTTTTTTAATGCTTTAACCATAACTTTTAATTTTATCTAAAGTATCAGAATCTACAACTTGAAGTTTTTCTAACTGGGGCTGA,111
>2S43D:05562:14680,ACTCCGAGTCTGCGACTGCATCCTGCATCGATCAGTAGCACCTTGATCACAACACACTTTTCTATTCTGCATTGACCTGGCGTTTGAGTTGTTGTTAGAACCCAAGCAG,109
>2S43D:01692:08237,AGTCCGGTTGGCCAAGAGTGTGGAGTGAGACTTTGGATGAGTTGTGAGGGGTCAGACTTTCGGAGCGTTGGGTGACAGGAGGCAGGGATACTGGAAGTGAGGCTGGAGA,109
>2S43D:08318:04737,GGCCGACGTCGGGGTCTACGGATTCCTTTCACGACACAGGTAGTATTGCAGTGGGTTTGGCCACAGATCCTCTTTGATAATCTCAGCGATTCTGTCAGATTCTGGAAGA,109
>2S43D:02453:03384,GTATTTTGCTGCATGTATATCTATGCACTACTTGAGGGCAGTGCCTACAGAGACCAGAAAAGGGATAGGGTCTTCTGGAACTGGACGTACCGGCTGTTTTGAGCCACA,108
>2S43D:06986:00601,GCGGGGGAGAGGATGGAGGCTTCTGAGTGAAAACGAGGAAGGGACTAAATTTCAAATGTAAATAAAGACAATATCTAATAAAAATAAAATAAAATTAATGGGGGGGGA,108
>2S43D:03477:06114,CCCCCCCCCTTTTTTTTTCTTTTTTTTTTTTTTTAGTTATTTACTTTAAAGCTGGGTGTGGTGGCGTATGTCTTTAATCCCAGCACTTGGGAGGCAGAGGCAGGTGA,107
>2S43D:06146:10675,CCGAACTCACCCACCGTTCCGGCGGCCCAAGACCCTGCGGCTCCGGAGGCAGCCAAAATATCCTCGGAAGAGTGCGCCCAGGAGAAACAAGCTGACCACTATGCA,105
>2S43D:06901:10219,CGGGTGGAGGGGTCGGGAGGAACGGGGAGCGGGAAAGATCCGCCGGGACCACCGGCACGGCCGGACGCGCGCCGCCGGGTTGAATCCTCCGGGCGGACTGCGCG,104
>2S43D:06566:03703,GTCCAATATTAACGGTTCTTGTGATTTCTTCAATTGACAGGTATGGAGTTTTATCAGCCATGACCTTAAAGAGACCTGGAAATTCATGGGCAGCTCAAAAGGCA,104
>2S43D:09090:01034,TTTTTTAATTATTGTTATTTACATTTCAAATGTTATCCCCCCTCCTAATTTCCCTTATGGGGGAAAAGACATCATACCTCCTCTCCCTGCCTCCATGAGAGA,102
>2S43D:08372:07326,AGGTAAATTACAGCAACCATAACTATAAATGCATTGAAAACTCAAACCACAGTGGCCAGAAAAGTGACCATGCTCAAGTTGGAAATGTTCACTAGTGGTCAT,102
>2S43D:10439:09269,GCGCCCTCTGCCACGTTGAAAAGTACCACGACCTCTTCCTCTTTTGGCCCAGTAATCCACACCATCATCTCTGTCATCGTGAAAGGTTCCTCGTGGTCTGA,101
>2S43D:03829:14595,GGTCCGTAGGGTTTATGCCAGCCTCCAGGCCCACGCAGCAGGCTTCCTGACCATCACACAAGTGACAGAAACCACGAATGATTTTCTGCTTATACAGCTGA,101
>2S43D:07065:05122,TGAATTTCCTCCAACCAGGAGGTTAACTTCATGTTCCACATTCATTGCTGACCTCCACCCGGGGCCTCAGACTTCCCACGACCGTCGGGTCCAGCTTTCA,100
>2S43D:02506:06718,GGCTGACATGTATCTATGTTTAAATTAAGGTGCCCTGTCCTCCAATGTCTGCATTGCACTCAGAAGGGAGCCAAGTGCTGCTTGTAAAATGGAATCACTA,100
>2S43D:09958:09241,CCACTGCCCAGCGACTTTATATTTTTAACCTTAAATAAATTCTATTTTTAAAAAAGGAACAAGCTGGGTGTGGGTAGCTCGACAACTTTAATCCCATGCA,100
>2S43D:00760:08693,CAAAAGTATAATTGTTATTAAGTCTCAAATTTCTGCAATAAATTTCAAATGTGTAACCAAAAACAACAACAAAAAACAAAAACAAAACAAAAGGGGGA,98
>2S43D:04640:01180,CCTTTTTTCTTTTCTTTTCTTTTCTTTTCTTTTCTTTTCTTTTCTTTCCCTTCCCTTTTCTTTTCTTCTCTCCTTTCTTTTCTTTCCTTTATTATTTT,98
>2S43D:03806:00521,GAAGAAGCAGGCTCTAATCTAGTGTAGGAATGGATGGTGCTAGTGCAGCAGTGAGAGCAAAGCAGGCAGAAGAGGAATGCTTCCCTTCTTCCATTCA,97
>2S43D:03697:09814,GTCCTGTAGGAGCACTGGCTTGCTTTGCATGGGCTTCCTAAGCCTGCTTTTTATATTGTACAGACCCACCTGCCCACAGGTAGCACTTCCCTCCA,95
>2S43D:08303:14270,GAACGGTCAGTTTAGGAGCAGGGGCAAAAGATGAGTTACACATCGTAGAGGCAGAACGTCAATGAACTATGAAGCAGTCCAATTAAAGTAACACA,95
>2S43D:06592:09439,GAAGAAGAGAAGCGACAGCTAGGGCTGGAATACAGAGGTTGTTAAAGTAACAGAGCTTTAAAAATATAGGTTTAAAAATACAGGAAACAAAACA,94
>2S43D:05587:13324,CCAAGAAATGCTCCGAGAGATGGAAGACCATGTCTGCAAAGGAAAAGTCCAAGTTTGAAGATTTGGCCAAGAGCGACAAAGCTCGTTATGACA,93
>2S43D:02559:02588,GGTCTGAAGCAATGTTGACATGGTTTGTTTAGGGAAAAAAAATCCTACTATAAATTTACCATTTGAATAAGGTTTCCATGTAAATTTCC,89
>2S43D:05537:01560,GTCCACTGTGTTTAATGTTCTTCTGCTTCTTCCTGTCTCTCGGTGGCTCCTTGAGGCTTTGATGATCAGGCTGAGGCAGAAGC,83
>2S43D:02604:09322,GCATGGTTTTAAACGTGAATAGATGATCCCATTGGATAGGTTTGAAAATGTCTTCTGGGGTTCTCTCTCGTATCTTCCATCA,82
>2S43D:07727:05408,GTGGGAAAGGGTAAAACATTTGAAATTTAAATAAAGAAAATATTAAAAAGGGGCTGAAATAAAAAGTAAATCAAACAAACA,81
>2S43D:05701:03429,CGAGAAGCCGCTAGGCCCTGCTACAGCCTGGCGCTGGCACAGCTGTTCGCAGTCTTTTGAAAGACATCCCATTGTGTGACA,81
>2S43D:05750:10382,GTGTTTAATTGTTCTTCTGCTTCTTCCTGTCTCTCGGTGGCTCCTTGAGGGCTTTGATGATCAGGCTGAGGAGC,74
>2S43D:06717:04505,CTCCCCTCAACTCAGCCTGGGCCTGCCCTGGGCCTATTCACGTCATGGCAAATTACATTTCTTAAAAAGCTA,72
>2S43D:07092:04929,CAGCAGCAGAACCCACATCAGCAACCTGCAGCCCCCGCACAGCAGACAGCAGCCCCCCACAGGCTCCTCA,70
>2S43D:00983:02469,GGGTCATCATCTCCGCCCCCTTCTGCCGATGCCCCCATGTTTGTGATGGGTGTGAACCACGAGAAATAT,69
>2S43D:00074:08907,CTCTCTCGTATCTTCACAGCTTTCCGCATATTGCTCCAAAATAACAAAAGCCATGGAGGAAGAAAG,66
>2S43D:03619:08385,CAACAGGGTTTTGGAAATTTGCCCATTTGCATGGCGAAGACCACCTCTCTCTCTCTCATCGACCT,65
>2S43D:04943:02545,CCCTCAGCAAGCTATCAACCTCACAGCCTGGACCTTGGACTACTTATCCTGCATCCA,57
>2S43D:04744:11797,AGAAGATCTCAGCAATTAAAACAAATACACACACGTACACACACACACACACA,53
>2S43D:04730:00438,AAGATTTTTGTTGTAGATAGTGATAAACCAGCTACCCCATCCTAGTCTTAAA,52
>2S43D:05686:14481,GGGGCTATTAGTAAACTTTGACATTTCAGGATCATGGAAATTAACAAG,48
>2S43D:00369:07764,TGGGAATTTTTCATTGGAATGCTGAGACTGGGCAAGGTATCTG,43
>2S43D:07212:04244,CTCCTTCCTTCTTTCTGTCAGAAGCGTCCTTGTCATGC,38
>2S43D:03629:08794,TTCAGGCTCTGGCATGCATTAGAAATGTGGCTTGTTTT,38
>2S43D:03847:09275,CCCCCCCCTCTTTTCTTGATTTTCTTGTGTTTA,33
